user_id,device,device_change_id,valid_from,valid_to
08a5fa48-2936-465e-affa-5558331c8a8d,tablet,1,2026-01-01 17:13:54,2026-01-01 17:21:04.984842
08a5fa48-2936-465e-affa-5558331c8a8d,phone,2,2026-01-01 17:21:04.984842,2026-01-01 17:37:10.362819
08a5fa48-2936-465e-affa-5558331c8a8d,desktop,3,2026-01-01 17:37:10.362819,2026-02-28 18:08:51.544841
08a5fa48-2936-465e-affa-5558331c8a8d,phone,4,2026-02-28 18:08:51.544841,2026-02-28 18:17:18.936958
08a5fa48-2936-465e-affa-5558331c8a8d,tablet,5,2026-02-28 18:17:18.936958,2026-02-28 18:57:47.559063
08a5fa48-2936-465e-affa-5558331c8a8d,phone,6,2026-02-28 18:57:47.559063,2026-02-28 19:01:30.02281
08a5fa48-2936-465e-affa-5558331c8a8d,desktop,7,2026-02-28 19:01:30.02281,2026-03-01 19:15:25.081294
08a5fa48-2936-465e-affa-5558331c8a8d,phone,8,2026-03-01 19:15:25.081294,2026-03-01 19:33:27.333078
08a5fa48-2936-465e-affa-5558331c8a8d,desktop,9,2026-03-01 19:33:27.333078,2026-03-01 19:54:31.351583
08a5fa48-2936-465e-affa-5558331c8a8d,tablet,10,2026-03-01 19:54:31.351583,2026-03-10 21:24:59.171941
08a5fa48-2936-465e-affa-5558331c8a8d,phone,11,2026-03-10 21:24:59.171941,2026-03-11 21:48:09.993537
08a5fa48-2936-465e-affa-5558331c8a8d,desktop,12,2026-03-11 21:48:09.993537,2026-03-11 21:56:51.285736
08a5fa48-2936-465e-affa-5558331c8a8d,tablet,13,2026-03-11 21:56:51.285736,2026-03-11 22:25:01.601933
08a5fa48-2936-465e-affa-5558331c8a8d,desktop,14,2026-03-11 22:25:01.601933,2026-03-12 22:33:31.793235
08a5fa48-2936-465e-affa-5558331c8a8d,phone,15,2026-03-12 22:33:31.793235,2026-03-12 22:42:13.919923
08a5fa48-2936-465e-affa-5558331c8a8d,desktop,16,2026-03-12 22:42:13.919923,2026-03-12 22:46:12.957864
08a5fa48-2936-465e-affa-5558331c8a8d,phone,17,2026-03-12 22:46:12.957864,2026-04-11 22:57:21.211386
08a5fa48-2936-465e-affa-5558331c8a8d,desktop,18,2026-04-11 22:57:21.211386,2026-04-12 23:14:50.262713
08a5fa48-2936-465e-affa-5558331c8a8d,phone,19,2026-04-12 23:14:50.262713,2026-04-20 23:34:31.124413
08a5fa48-2936-465e-affa-5558331c8a8d,desktop,20,2026-04-20 23:34:31.124413,2026-04-20 23:43:25.156249
08a5fa48-2936-465e-affa-5558331c8a8d,phone,21,2026-04-20 23:43:25.156249,2026-04-20 23:49:46.1082
08a5fa48-2936-465e-affa-5558331c8a8d,tablet,22,2026-04-20 23:49:46.1082,2026-04-21 00:04:26.25309
08a5fa48-2936-465e-affa-5558331c8a8d,phone,23,2026-04-21 00:04:26.25309,2026-04-21 00:10:49.949749
08a5fa48-2936-465e-affa-5558331c8a8d,tablet,24,2026-04-21 00:10:49.949749,2026-04-21 00:15:34.165711
08a5fa48-2936-465e-affa-5558331c8a8d,desktop,25,2026-04-21 00:15:34.165711,2026-04-21 00:18:15.610311
08a5fa48-2936-465e-affa-5558331c8a8d,phone,26,2026-04-21 00:18:15.610311,2026-06-06 00:45:13.791089
08a5fa48-2936-465e-affa-5558331c8a8d,desktop,27,2026-06-06 00:45:13.791089,2026-06-26 00:53:10.236019
08a5fa48-2936-465e-affa-5558331c8a8d,phone,28,2026-06-26 00:53:10.236019,2026-06-27 01:53:44.31514
08a5fa48-2936-465e-affa-5558331c8a8d,desktop,29,2026-06-27 01:53:44.31514,2026-06-27 01:57:32.33832
08a5fa48-2936-465e-affa-5558331c8a8d,phone,30,2026-06-27 01:57:32.33832,2026-06-27 03:00:15.130316
08a5fa48-2936-465e-affa-5558331c8a8d,desktop,31,2026-06-27 03:00:15.130316,2026-06-27 03:17:29.512214
08a5fa48-2936-465e-affa-5558331c8a8d,phone,32,2026-06-27 03:17:29.512214,2026-08-06 03:48:39.824074
08a5fa48-2936-465e-affa-5558331c8a8d,desktop,33,2026-08-06 03:48:39.824074,2026-08-06 04:09:10.751464
08a5fa48-2936-465e-affa-5558331c8a8d,phone,34,2026-08-06 04:09:10.751464,2026-08-14 04:45:00.991974
08a5fa48-2936-465e-affa-5558331c8a8d,tablet,35,2026-08-14 04:45:00.991974,2026-08-14 05:15:26.097027
08a5fa48-2936-465e-affa-5558331c8a8d,phone,36,2026-08-14 05:15:26.097027,2026-08-14 05:43:23.358507
08a5fa48-2936-465e-affa-5558331c8a8d,desktop,37,2026-08-14 05:43:23.358507,2026-08-14 07:45:35.990997
08a5fa48-2936-465e-affa-5558331c8a8d,tablet,38,2026-08-14 07:45:35.990997,2026-10-02 09:37:20.806137
08a5fa48-2936-465e-affa-5558331c8a8d,phone,39,2026-10-02 09:37:20.806137,2026-10-02 09:43:57.494285
08a5fa48-2936-465e-affa-5558331c8a8d,tablet,40,2026-10-02 09:43:57.494285,2026-10-02 09:51:08.784713
08a5fa48-2936-465e-affa-5558331c8a8d,phone,41,2026-10-02 09:51:08.784713,2026-10-02 10:49:35.800709
08a5fa48-2936-465e-affa-5558331c8a8d,tablet,42,2026-10-02 10:49:35.800709,2026-10-05 11:29:15.5528
08a5fa48-2936-465e-affa-5558331c8a8d,phone,43,2026-10-05 11:29:15.5528,2026-10-05 11:35:57.357705
08a5fa48-2936-465e-affa-5558331c8a8d,tablet,44,2026-10-05 11:35:57.357705,2026-10-19 11:51:56.653565
08a5fa48-2936-465e-affa-5558331c8a8d,phone,45,2026-10-19 11:51:56.653565,2026-10-25 12:35:32.440153
08a5fa48-2936-465e-affa-5558331c8a8d,desktop,46,2026-10-25 12:35:32.440153,2026-10-25 12:53:39.472068
08a5fa48-2936-465e-affa-5558331c8a8d,tablet,47,2026-10-25 12:53:39.472068,9999-12-31 23:59:59
e4b46cf7-40c8-4528-9e08-8486b1d38ceb,tablet,1,2026-01-01 16:18:37,2026-01-05 16:35:32.044939
e4b46cf7-40c8-4528-9e08-8486b1d38ceb,desktop,2,2026-01-05 16:35:32.044939,2026-01-06 16:37:43.055424
e4b46cf7-40c8-4528-9e08-8486b1d38ceb,phone,3,2026-01-06 16:37:43.055424,2026-01-09 17:19:07.409051
e4b46cf7-40c8-4528-9e08-8486b1d38ceb,tablet,4,2026-01-09 17:19:07.409051,2026-02-08 17:46:48.417601
e4b46cf7-40c8-4528-9e08-8486b1d38ceb,phone,5,2026-02-08 17:46:48.417601,2026-02-08 17:54:12.985601
e4b46cf7-40c8-4528-9e08-8486b1d38ceb,desktop,6,2026-02-08 17:54:12.985601,2026-02-14 18:08:34.09027
e4b46cf7-40c8-4528-9e08-8486b1d38ceb,tablet,7,2026-02-14 18:08:34.09027,2026-02-18 18:24:55.126298
e4b46cf7-40c8-4528-9e08-8486b1d38ceb,phone,8,2026-02-18 18:24:55.126298,2026-02-18 18:43:21.996669
e4b46cf7-40c8-4528-9e08-8486b1d38ceb,desktop,9,2026-02-18 18:43:21.996669,2026-02-19 19:23:21.803017
e4b46cf7-40c8-4528-9e08-8486b1d38ceb,phone,10,2026-02-19 19:23:21.803017,2026-02-19 19:42:13.898487
e4b46cf7-40c8-4528-9e08-8486b1d38ceb,desktop,11,2026-02-19 19:42:13.898487,2026-02-19 19:50:49.798724
e4b46cf7-40c8-4528-9e08-8486b1d38ceb,tablet,12,2026-02-19 19:50:49.798724,2026-02-20 20:05:01.440216
e4b46cf7-40c8-4528-9e08-8486b1d38ceb,desktop,13,2026-02-20 20:05:01.440216,2026-02-23 20:19:53.395229
e4b46cf7-40c8-4528-9e08-8486b1d38ceb,tablet,14,2026-02-23 20:19:53.395229,2026-02-23 20:38:36.03799
e4b46cf7-40c8-4528-9e08-8486b1d38ceb,phone,15,2026-02-23 20:38:36.03799,2026-02-23 20:51:45.931552
e4b46cf7-40c8-4528-9e08-8486b1d38ceb,tablet,16,2026-02-23 20:51:45.931552,2026-04-07 21:44:54.685132
e4b46cf7-40c8-4528-9e08-8486b1d38ceb,desktop,17,2026-04-07 21:44:54.685132,2026-04-08 22:11:34.186079
e4b46cf7-40c8-4528-9e08-8486b1d38ceb,tablet,18,2026-04-08 22:11:34.186079,2026-04-08 22:15:18.263267
e4b46cf7-40c8-4528-9e08-8486b1d38ceb,phone,19,2026-04-08 22:15:18.263267,2026-04-11 22:24:45.12325
e4b46cf7-40c8-4528-9e08-8486b1d38ceb,desktop,20,2026-04-11 22:24:45.12325,2026-04-14 22:28:46.539985
e4b46cf7-40c8-4528-9e08-8486b1d38ceb,phone,21,2026-04-14 22:28:46.539985,2026-04-14 22:43:18.345386
e4b46cf7-40c8-4528-9e08-8486b1d38ceb,desktop,22,2026-04-14 22:43:18.345386,2026-04-17 22:51:03.19369
e4b46cf7-40c8-4528-9e08-8486b1d38ceb,phone,23,2026-04-17 22:51:03.19369,2026-04-18 23:00:13.054547
e4b46cf7-40c8-4528-9e08-8486b1d38ceb,desktop,24,2026-04-18 23:00:13.054547,2026-04-18 23:05:43.762759
e4b46cf7-40c8-4528-9e08-8486b1d38ceb,phone,25,2026-04-18 23:05:43.762759,2026-04-23 23:15:58.541906
e4b46cf7-40c8-4528-9e08-8486b1d38ceb,desktop,26,2026-04-23 23:15:58.541906,2026-05-24 23:34:02.193069
e4b46cf7-40c8-4528-9e08-8486b1d38ceb,phone,27,2026-05-24 23:34:02.193069,2026-05-24 23:49:59.757714
e4b46cf7-40c8-4528-9e08-8486b1d38ceb,tablet,28,2026-05-24 23:49:59.757714,2026-06-21 00:33:13.306828
e4b46cf7-40c8-4528-9e08-8486b1d38ceb,desktop,29,2026-06-21 00:33:13.306828,2026-06-22 00:47:56.952125
e4b46cf7-40c8-4528-9e08-8486b1d38ceb,phone,30,2026-06-22 00:47:56.952125,2026-06-22 01:05:52.497284
e4b46cf7-40c8-4528-9e08-8486b1d38ceb,desktop,31,2026-06-22 01:05:52.497284,2026-06-22 01:43:14.282172
e4b46cf7-40c8-4528-9e08-8486b1d38ceb,phone,32,2026-06-22 01:43:14.282172,2026-06-23 01:58:51.814266
e4b46cf7-40c8-4528-9e08-8486b1d38ceb,desktop,33,2026-06-23 01:58:51.814266,2026-06-25 02:31:54.020619
e4b46cf7-40c8-4528-9e08-8486b1d38ceb,phone,34,2026-06-25 02:31:54.020619,2026-06-30 03:24:48.77938
e4b46cf7-40c8-4528-9e08-8486b1d38ceb,tablet,35,2026-06-30 03:24:48.77938,2026-07-26 04:51:50.369754
e4b46cf7-40c8-4528-9e08-8486b1d38ceb,phone,36,2026-07-26 04:51:50.369754,2026-07-31 05:21:30.926049
e4b46cf7-40c8-4528-9e08-8486b1d38ceb,tablet,37,2026-07-31 05:21:30.926049,2026-07-31 05:27:28.069055
e4b46cf7-40c8-4528-9e08-8486b1d38ceb,desktop,38,2026-07-31 05:27:28.069055,2026-07-31 05:43:41.461522
e4b46cf7-40c8-4528-9e08-8486b1d38ceb,phone,39,2026-07-31 05:43:41.461522,2026-07-31 05:48:26.851437
e4b46cf7-40c8-4528-9e08-8486b1d38ceb,desktop,40,2026-07-31 05:48:26.851437,2026-07-31 05:55:39.117464
e4b46cf7-40c8-4528-9e08-8486b1d38ceb,tablet,41,2026-07-31 05:55:39.117464,2026-07-31 06:19:08.169613
e4b46cf7-40c8-4528-9e08-8486b1d38ceb,phone,42,2026-07-31 06:19:08.169613,2026-07-31 06:41:06.305044
e4b46cf7-40c8-4528-9e08-8486b1d38ceb,tablet,43,2026-07-31 06:41:06.305044,2026-07-31 07:17:44.946972
e4b46cf7-40c8-4528-9e08-8486b1d38ceb,desktop,44,2026-07-31 07:17:44.946972,9999-12-31 23:59:59
abe0a742-9916-40d4-b488-e6f7539063a4,desktop,1,2026-01-01 07:17:58,2026-01-01 07:27:22.223883
abe0a742-9916-40d4-b488-e6f7539063a4,phone,2,2026-01-01 07:27:22.223883,2026-01-05 07:41:18.144968
abe0a742-9916-40d4-b488-e6f7539063a4,desktop,3,2026-01-05 07:41:18.144968,2026-01-05 08:00:49.85902
abe0a742-9916-40d4-b488-e6f7539063a4,tablet,4,2026-01-05 08:00:49.85902,2026-01-05 08:15:45.772327
abe0a742-9916-40d4-b488-e6f7539063a4,desktop,5,2026-01-05 08:15:45.772327,2026-01-05 08:25:33.405223
abe0a742-9916-40d4-b488-e6f7539063a4,phone,6,2026-01-05 08:25:33.405223,2026-01-05 08:30:41.580297
abe0a742-9916-40d4-b488-e6f7539063a4,tablet,7,2026-01-05 08:30:41.580297,2026-01-07 08:48:00.214319
abe0a742-9916-40d4-b488-e6f7539063a4,phone,8,2026-01-07 08:48:00.214319,2026-01-24 10:36:50.700052
abe0a742-9916-40d4-b488-e6f7539063a4,tablet,9,2026-01-24 10:36:50.700052,2026-01-25 11:39:10.875363
abe0a742-9916-40d4-b488-e6f7539063a4,desktop,10,2026-01-25 11:39:10.875363,2026-01-25 12:03:12.403881
abe0a742-9916-40d4-b488-e6f7539063a4,phone,11,2026-01-25 12:03:12.403881,2026-01-25 12:11:59.280195
abe0a742-9916-40d4-b488-e6f7539063a4,desktop,12,2026-01-25 12:11:59.280195,2026-01-29 12:24:44.599828
abe0a742-9916-40d4-b488-e6f7539063a4,phone,13,2026-01-29 12:24:44.599828,2026-01-29 12:48:59.619115
abe0a742-9916-40d4-b488-e6f7539063a4,tablet,14,2026-01-29 12:48:59.619115,2026-01-30 14:01:09.582882
abe0a742-9916-40d4-b488-e6f7539063a4,desktop,15,2026-01-30 14:01:09.582882,2026-01-30 15:04:53.297714
abe0a742-9916-40d4-b488-e6f7539063a4,phone,16,2026-01-30 15:04:53.297714,2026-01-30 15:12:09.994674
abe0a742-9916-40d4-b488-e6f7539063a4,tablet,17,2026-01-30 15:12:09.994674,2026-01-30 15:20:29.483133
abe0a742-9916-40d4-b488-e6f7539063a4,phone,18,2026-01-30 15:20:29.483133,2026-01-30 15:23:30.031806
abe0a742-9916-40d4-b488-e6f7539063a4,tablet,19,2026-01-30 15:23:30.031806,2026-01-30 15:27:48.107446
abe0a742-9916-40d4-b488-e6f7539063a4,desktop,20,2026-01-30 15:27:48.107446,2026-01-30 15:56:21.002026
abe0a742-9916-40d4-b488-e6f7539063a4,tablet,21,2026-01-30 15:56:21.002026,2026-01-31 16:10:05.161485
abe0a742-9916-40d4-b488-e6f7539063a4,desktop,22,2026-01-31 16:10:05.161485,2026-02-02 17:04:23.184795
abe0a742-9916-40d4-b488-e6f7539063a4,phone,23,2026-02-02 17:04:23.184795,2026-02-02 17:33:39.825493
abe0a742-9916-40d4-b488-e6f7539063a4,tablet,24,2026-02-02 17:33:39.825493,2026-02-02 17:37:47.920618
abe0a742-9916-40d4-b488-e6f7539063a4,phone,25,2026-02-02 17:37:47.920618,2026-02-02 17:45:42.882695
abe0a742-9916-40d4-b488-e6f7539063a4,desktop,26,2026-02-02 17:45:42.882695,2026-02-09 19:50:23.531243
abe0a742-9916-40d4-b488-e6f7539063a4,tablet,27,2026-02-09 19:50:23.531243,2026-02-12 20:17:17.723491
abe0a742-9916-40d4-b488-e6f7539063a4,desktop,28,2026-02-12 20:17:17.723491,2026-02-12 20:29:09.359227
abe0a742-9916-40d4-b488-e6f7539063a4,phone,29,2026-02-12 20:29:09.359227,2026-02-13 20:43:06.526043
abe0a742-9916-40d4-b488-e6f7539063a4,desktop,30,2026-02-13 20:43:06.526043,2026-02-13 20:53:02.703151
abe0a742-9916-40d4-b488-e6f7539063a4,tablet,31,2026-02-13 20:53:02.703151,2026-02-13 21:09:20.304617
abe0a742-9916-40d4-b488-e6f7539063a4,desktop,32,2026-02-13 21:09:20.304617,2026-02-13 21:12:59.504052
abe0a742-9916-40d4-b488-e6f7539063a4,phone,33,2026-02-13 21:12:59.504052,2026-02-14 21:34:43.454661
abe0a742-9916-40d4-b488-e6f7539063a4,desktop,34,2026-02-14 21:34:43.454661,2026-02-16 21:53:57.769178
abe0a742-9916-40d4-b488-e6f7539063a4,phone,35,2026-02-16 21:53:57.769178,2026-02-17 22:04:26.53223
abe0a742-9916-40d4-b488-e6f7539063a4,desktop,36,2026-02-17 22:04:26.53223,2026-02-17 22:17:41.51549
abe0a742-9916-40d4-b488-e6f7539063a4,tablet,37,2026-02-17 22:17:41.51549,9999-12-31 23:59:59
f6d8fbfc-3da0-464e-8a79-747e35ff8e6a,tablet,1,2026-01-01 23:02:08,2026-01-01 23:14:04.689936
f6d8fbfc-3da0-464e-8a79-747e35ff8e6a,phone,2,2026-01-01 23:14:04.689936,2026-01-01 23:19:46.059159
f6d8fbfc-3da0-464e-8a79-747e35ff8e6a,tablet,3,2026-01-01 23:19:46.059159,2026-01-01 23:24:17.657021
f6d8fbfc-3da0-464e-8a79-747e35ff8e6a,desktop,4,2026-01-01 23:24:17.657021,2026-01-02 23:40:12.364032
f6d8fbfc-3da0-464e-8a79-747e35ff8e6a,tablet,5,2026-01-02 23:40:12.364032,2026-01-07 00:46:56.631081
f6d8fbfc-3da0-464e-8a79-747e35ff8e6a,phone,6,2026-01-07 00:46:56.631081,2026-01-07 00:59:18.227935
f6d8fbfc-3da0-464e-8a79-747e35ff8e6a,desktop,7,2026-01-07 00:59:18.227935,2026-01-07 01:13:03.856315
f6d8fbfc-3da0-464e-8a79-747e35ff8e6a,phone,8,2026-01-07 01:13:03.856315,2026-01-29 01:47:42.551813
f6d8fbfc-3da0-464e-8a79-747e35ff8e6a,desktop,9,2026-01-29 01:47:42.551813,2026-01-29 02:35:06.172499
f6d8fbfc-3da0-464e-8a79-747e35ff8e6a,phone,10,2026-01-29 02:35:06.172499,2026-01-29 02:41:02.254781
f6d8fbfc-3da0-464e-8a79-747e35ff8e6a,desktop,11,2026-01-29 02:41:02.254781,2026-02-16 03:29:21.777162
f6d8fbfc-3da0-464e-8a79-747e35ff8e6a,phone,12,2026-02-16 03:29:21.777162,2026-02-16 03:32:47.848002
f6d8fbfc-3da0-464e-8a79-747e35ff8e6a,desktop,13,2026-02-16 03:32:47.848002,2026-02-16 03:41:20.646902
f6d8fbfc-3da0-464e-8a79-747e35ff8e6a,phone,14,2026-02-16 03:41:20.646902,2026-02-16 03:52:40.913063
f6d8fbfc-3da0-464e-8a79-747e35ff8e6a,desktop,15,2026-02-16 03:52:40.913063,2026-02-16 03:59:15.203245
f6d8fbfc-3da0-464e-8a79-747e35ff8e6a,phone,16,2026-02-16 03:59:15.203245,2026-02-19 04:09:19.825589
f6d8fbfc-3da0-464e-8a79-747e35ff8e6a,tablet,17,2026-02-19 04:09:19.825589,2026-02-21 04:26:38.280825
f6d8fbfc-3da0-464e-8a79-747e35ff8e6a,phone,18,2026-02-21 04:26:38.280825,2026-02-22 04:59:06.921165
f6d8fbfc-3da0-464e-8a79-747e35ff8e6a,tablet,19,2026-02-22 04:59:06.921165,2026-02-23 05:26:39.232404
f6d8fbfc-3da0-464e-8a79-747e35ff8e6a,desktop,20,2026-02-23 05:26:39.232404,2026-02-23 05:32:41.745581
f6d8fbfc-3da0-464e-8a79-747e35ff8e6a,phone,21,2026-02-23 05:32:41.745581,2026-02-23 05:51:52.028388
f6d8fbfc-3da0-464e-8a79-747e35ff8e6a,tablet,22,2026-02-23 05:51:52.028388,2026-02-25 07:35:59.968709
f6d8fbfc-3da0-464e-8a79-747e35ff8e6a,phone,23,2026-02-25 07:35:59.968709,2026-03-05 08:26:21.539482
f6d8fbfc-3da0-464e-8a79-747e35ff8e6a,desktop,24,2026-03-05 08:26:21.539482,2026-03-05 08:57:08.565158
f6d8fbfc-3da0-464e-8a79-747e35ff8e6a,tablet,25,2026-03-05 08:57:08.565158,2026-03-05 10:10:21.180921
f6d8fbfc-3da0-464e-8a79-747e35ff8e6a,desktop,26,2026-03-05 10:10:21.180921,2026-03-05 10:32:31.342912
f6d8fbfc-3da0-464e-8a79-747e35ff8e6a,tablet,27,2026-03-05 10:32:31.342912,2026-03-05 10:40:08.567682
f6d8fbfc-3da0-464e-8a79-747e35ff8e6a,phone,28,2026-03-05 10:40:08.567682,2026-03-23 11:16:07.003731
f6d8fbfc-3da0-464e-8a79-747e35ff8e6a,desktop,29,2026-03-23 11:16:07.003731,2026-03-23 11:26:37.946269
f6d8fbfc-3da0-464e-8a79-747e35ff8e6a,phone,30,2026-03-23 11:26:37.946269,2026-03-24 12:05:18.125483
f6d8fbfc-3da0-464e-8a79-747e35ff8e6a,desktop,31,2026-03-24 12:05:18.125483,2026-03-24 12:33:02.396204
f6d8fbfc-3da0-464e-8a79-747e35ff8e6a,phone,32,2026-03-24 12:33:02.396204,2026-03-24 12:37:30.656408
f6d8fbfc-3da0-464e-8a79-747e35ff8e6a,tablet,33,2026-03-24 12:37:30.656408,2026-03-24 12:43:54.308902
f6d8fbfc-3da0-464e-8a79-747e35ff8e6a,desktop,34,2026-03-24 12:43:54.308902,2026-04-03 13:05:05.693221
f6d8fbfc-3da0-464e-8a79-747e35ff8e6a,tablet,35,2026-04-03 13:05:05.693221,2026-04-03 13:14:00.873056
f6d8fbfc-3da0-464e-8a79-747e35ff8e6a,desktop,36,2026-04-03 13:14:00.873056,2026-04-03 13:26:40.341152
f6d8fbfc-3da0-464e-8a79-747e35ff8e6a,tablet,37,2026-04-03 13:26:40.341152,2026-04-21 14:14:44.66859
f6d8fbfc-3da0-464e-8a79-747e35ff8e6a,desktop,38,2026-04-21 14:14:44.66859,2026-04-22 14:18:47.51107
f6d8fbfc-3da0-464e-8a79-747e35ff8e6a,phone,39,2026-04-22 14:18:47.51107,2026-04-22 15:15:39.176053
f6d8fbfc-3da0-464e-8a79-747e35ff8e6a,desktop,40,2026-04-22 15:15:39.176053,9999-12-31 23:59:59
f6779161-bd97-4375-abc5-ec30b05de76f,phone,1,2026-01-01 19:27:06,2026-01-01 19:37:28.537091
f6779161-bd97-4375-abc5-ec30b05de76f,desktop,2,2026-01-01 19:37:28.537091,2026-01-09 20:47:01.394398
f6779161-bd97-4375-abc5-ec30b05de76f,tablet,3,2026-01-09 20:47:01.394398,2026-01-14 21:20:58.574147
f6779161-bd97-4375-abc5-ec30b05de76f,desktop,4,2026-01-14 21:20:58.574147,2026-01-14 21:34:28.272491
f6779161-bd97-4375-abc5-ec30b05de76f,tablet,5,2026-01-14 21:34:28.272491,2026-01-14 21:38:55.650674
f6779161-bd97-4375-abc5-ec30b05de76f,desktop,6,2026-01-14 21:38:55.650674,2026-01-14 22:41:56.725501
f6779161-bd97-4375-abc5-ec30b05de76f,tablet,7,2026-01-14 22:41:56.725501,2026-03-01 23:12:23.714911
f6779161-bd97-4375-abc5-ec30b05de76f,desktop,8,2026-03-01 23:12:23.714911,2026-03-01 23:17:32.249705
f6779161-bd97-4375-abc5-ec30b05de76f,tablet,9,2026-03-01 23:17:32.249705,2026-03-02 23:53:34.309195
f6779161-bd97-4375-abc5-ec30b05de76f,phone,10,2026-03-02 23:53:34.309195,2026-03-03 00:04:25.671576
f6779161-bd97-4375-abc5-ec30b05de76f,desktop,11,2026-03-03 00:04:25.671576,2026-03-04 00:51:47.639919
f6779161-bd97-4375-abc5-ec30b05de76f,tablet,12,2026-03-04 00:51:47.639919,2026-03-05 01:25:52.033521
f6779161-bd97-4375-abc5-ec30b05de76f,desktop,13,2026-03-05 01:25:52.033521,2026-03-05 01:40:16.771311
f6779161-bd97-4375-abc5-ec30b05de76f,tablet,14,2026-03-05 01:40:16.771311,2026-03-05 01:45:13.957186
f6779161-bd97-4375-abc5-ec30b05de76f,desktop,15,2026-03-05 01:45:13.957186,2026-03-05 01:52:14.449349
f6779161-bd97-4375-abc5-ec30b05de76f,tablet,16,2026-03-05 01:52:14.449349,2026-03-05 02:04:01.734688
f6779161-bd97-4375-abc5-ec30b05de76f,desktop,17,2026-03-05 02:04:01.734688,2026-03-05 02:46:34.408393
f6779161-bd97-4375-abc5-ec30b05de76f,tablet,18,2026-03-05 02:46:34.408393,2026-03-11 03:51:38.23277
f6779161-bd97-4375-abc5-ec30b05de76f,phone,19,2026-03-11 03:51:38.23277,2026-03-12 04:17:23.126447
f6779161-bd97-4375-abc5-ec30b05de76f,tablet,20,2026-03-12 04:17:23.126447,2026-03-13 04:44:33.510563
f6779161-bd97-4375-abc5-ec30b05de76f,desktop,21,2026-03-13 04:44:33.510563,2026-03-14 05:24:42.365215
f6779161-bd97-4375-abc5-ec30b05de76f,tablet,22,2026-03-14 05:24:42.365215,2026-03-14 05:58:44.631224
f6779161-bd97-4375-abc5-ec30b05de76f,phone,23,2026-03-14 05:58:44.631224,2026-03-25 06:43:33.804072
f6779161-bd97-4375-abc5-ec30b05de76f,desktop,24,2026-03-25 06:43:33.804072,2026-03-31 07:12:21.863984
f6779161-bd97-4375-abc5-ec30b05de76f,phone,25,2026-03-31 07:12:21.863984,2026-03-31 07:15:07.410876
f6779161-bd97-4375-abc5-ec30b05de76f,tablet,26,2026-03-31 07:15:07.410876,2026-03-31 07:35:56.763065
f6779161-bd97-4375-abc5-ec30b05de76f,phone,27,2026-03-31 07:35:56.763065,2026-04-12 08:57:57.649022
f6779161-bd97-4375-abc5-ec30b05de76f,desktop,28,2026-04-12 08:57:57.649022,2026-04-12 09:15:55.543461
f6779161-bd97-4375-abc5-ec30b05de76f,phone,29,2026-04-12 09:15:55.543461,2026-04-12 09:46:19.602137
f6779161-bd97-4375-abc5-ec30b05de76f,desktop,30,2026-04-12 09:46:19.602137,2026-04-12 09:59:38.95862
f6779161-bd97-4375-abc5-ec30b05de76f,tablet,31,2026-04-12 09:59:38.95862,2026-04-12 10:19:39.823193
f6779161-bd97-4375-abc5-ec30b05de76f,phone,32,2026-04-12 10:19:39.823193,2026-04-12 10:22:15.142148
f6779161-bd97-4375-abc5-ec30b05de76f,tablet,33,2026-04-12 10:22:15.142148,2026-04-12 10:26:32.783334
f6779161-bd97-4375-abc5-ec30b05de76f,desktop,34,2026-04-12 10:26:32.783334,2026-05-05 11:09:53.427922
f6779161-bd97-4375-abc5-ec30b05de76f,tablet,35,2026-05-05 11:09:53.427922,2026-05-05 12:11:33.998452
f6779161-bd97-4375-abc5-ec30b05de76f,desktop,36,2026-05-05 12:11:33.998452,2026-05-05 12:15:38.604104
f6779161-bd97-4375-abc5-ec30b05de76f,tablet,37,2026-05-05 12:15:38.604104,2026-05-05 12:24:49.116923
f6779161-bd97-4375-abc5-ec30b05de76f,phone,38,2026-05-05 12:24:49.116923,2026-05-05 12:43:53.546517
f6779161-bd97-4375-abc5-ec30b05de76f,desktop,39,2026-05-05 12:43:53.546517,2026-05-07 13:13:19.58085
f6779161-bd97-4375-abc5-ec30b05de76f,tablet,40,2026-05-07 13:13:19.58085,2026-05-07 13:30:53.809442
f6779161-bd97-4375-abc5-ec30b05de76f,desktop,41,2026-05-07 13:30:53.809442,2026-05-07 13:56:43.165685
f6779161-bd97-4375-abc5-ec30b05de76f,tablet,42,2026-05-07 13:56:43.165685,2026-05-07 14:04:02.147748
f6779161-bd97-4375-abc5-ec30b05de76f,phone,43,2026-05-07 14:04:02.147748,9999-12-31 23:59:59
